JDNP791-1#1.jpg,438f18_c5742c25a0554500a2c30544efc5a9a0~mv2.jpg
JDEW2307050-1#4.jpg,438f18_848907bf55424e0e804d19f39ca98725~mv2.jpg
JDNP791-1#3.jpg,438f18_fa2723391db44404bdda6fda8494fe44~mv2.jpg
JDNP791-1#2.jpg,438f18_372b4c6249e74c1b8c43caa6cbf65201~mv2.jpg
JDEW2307050-1#2.jpg,438f18_6e17894f58e04f7db0679d2a02f4bed1~mv2.jpg
JDE201799#4.jpg,438f18_b789e658da284787b0f3f270dcf5bd13~mv2.jpg
JDEW2307050-1#1.jpg,438f18_58e404c896c845d4b5a093d0b2e0a1df~mv2.jpg
JDE201799#1.jpg,438f18_02eb785b3e1349b99eeeee4fa4a254f6~mv2.jpg
JDB201496#3.jpg,438f18_5e9d85a5526a4752bacc412db39e7093~mv2.jpg
JDE201799#3.jpg,438f18_c25a1e964c0a4e1f8f461a4b334b6c93~mv2.jpg
JDE201584#2.jpg,438f18_807bf84094594389a524471aaf14e718~mv2.jpg
JDB201496#4.jpg,438f18_72cf1a1bef574f6e892f83491284b85e~mv2.jpg
JDE201584#4.jpg,438f18_f95f9d3036394ca992c28ecfaf10aee4~mv2.jpg
JDE201584#1.jpg,438f18_07d7868cabb44c20b0742ac539f27e80~mv2.jpg
JDB201496#1.jpg,438f18_8f21fb3e2e614640abc8a8f31a542ad5~mv2.jpg
JDB201496#2.jpg,438f18_783d5ab9ba2b427a96c033794939e878~mv2.jpg
E453#4.jpg,438f18_83988fe5e5e649adbe26ae9fe0172f43~mv2.jpg
E453#2.jpg,438f18_93dc18cc78894db99e6f138f6b93426d~mv2.jpg
E453#1.jpg,438f18_0074aacb988c45b0b88732e8f8a0beeb~mv2.jpg
Bracelet pearl#2.jpg,438f18_5cfc499a02114d45b5501e26964488d9~mv2.jpg
Bracelet pearl#4.jpg,438f18_74da5e5db3164d85b2264cbdb710f046~mv2.jpg
Bracelet one pearl#2.jpg,438f18_5352954ff6fc49f28f8817dc1aaae736~mv2.jpg
Bracelet pearl#3.jpg,438f18_f45e619fc6b0492db00195fe91e3f167~mv2.jpg
Bracelet one pearl#3.jpg,438f18_0c878f536efc4c8584167bb59593841c~mv2.jpg
Bracelet pearl#1.jpg,438f18_4470257b542f419dbb241023a01875c2~mv2.jpg
Bracelet one pearl#4.jpg,438f18_35e67f87fddb45baa0811c88e1a77935~mv2.jpg
result_img_2023_12_27_22_59_17.jpg,438f18_ddf5c9c4b5cd450782ee387a2cafdf2a~mv2.jpg
PhotoRoom-20231125_095345_edited.jpg,438f18_6f6bc1a4321645ec90818b9bcd7a64ad~mv2.jpg,438f18_fc90193b51d548b5b36b0129c9b02033~mv2_edited.jpg,438f18_da1ab42648244cf0b447e62af9eedf1c~mv2.jpg,438f18_752bdf95422e4473b6e966030f9d3f58~mv2.jpg,438f18_ab6cbc8b2c774408aedf629eca0578ff~mv2.jpg,438f18_3469e28f3e3049f599c70a4eb6b1fa06~mv2.jpg,438f18_b9f524f10590405c88a9db76f62821d9~mv2.jpg,438f18_864540eb9de447f0883fb36a3b6d0abe~mv2.jpg,438f18_83ee1521267242da8eb411fba5d5a64c~mv2.jpg,438f18_c92ecbc14f3d4a2a9f046b94f7399ab5~mv2.jpg,438f18_810736ae1a5247c8935b72052067de08~mv2.jpg,438f18_fa69eaac2e2e4c1a8dc2bc83db20acd1~mv2.jpg,438f18_fbf8683d843f4914b8fb6cbe59962bca~mv2.jpg,438f18_a2111b7801ab481b8ef62e1d27fac946~mv2.jpg,438f18_c82bcfdc07854207b956e1ba5a2eeff0~mv2.jpg,438f18_d2a31c143f5c42938886ecc9b1857474~mv2.jpg,438f18_e81eff3603df4dd69e9e4ccd98599a9b~mv2.jpg,438f18_30a71c8fa1464da3b3fb7b062c3ea715~mv2.jpg,438f18_a56ad91cf5114c7397f889f3780697ad~mv2.jpg,438f18_43a8af29879147ee911356c93e2bf1e6~mv2.jpg,438f18_94344f266e3d4cb2919c8a6bf2ccbfec~mv2.jpg,438f18_5254ca29672b427ab7111166bccc517d~mv2.jpg,438f18_1156fbd1213a438a957a34ee84988aab~mv2.jpg,438f18_0e4233d1db2f4cf99044e6cc86c7569c~mv2.jpg,438f18_9000503e7fec471c9cf0763a7aa034f7~mv2.jpg,438f18_6b0322d9f32f417bbdfbb9c6efdb8343~mv2.jpg,438f18_4d69f024931d434286a884efd31319be~mv2.jpg,438f18_42737efe085045109262ea3b8aee78da~mv2.jpg,438f18_ed02bd5a9bfd4e2dbf1a825ef17f82d2~mv2.jpg,438f18_470ab22a64ad4f9cad9b55fd27f85200~mv2.jpg,438f18_55d65eeb87ee4d60a5b8f8ab699b5d60~mv2.jpg,438f18_4b1ba9c8845e494c8d99514d15e8f97b~mv2.jpg,438f18_0454f84fcbd34150b84d867ba0d5ac16~mv2.jpg,438f18_604b529b363045ddbbb8593ce7789295~mv2.jpg,438f18_56e698a64d2c474f95e1fec656e7ff01~mv2.jpg,438f18_b922223d4b4e4ae598180206d69f464a~mv2.jpg,438f18_631f9a16147845dab899a2227ded242b~mv2.jpg,438f18_fc90193b51d548b5b36b0129c9b02033~mv2.jpg,438f18_bd2d9c415d9e486a894f604809507293~mv2.jpg,438f18_3469e28f3e3049f599c70a4eb6b1fa06~mv2.jpg,438f18_ca942ca003084e8687cd3b69b80e54bf~mv2.jpg,438f18_752bdf95422e4473b6e966030f9d3f58~mv2.jpg,438f18_bcc92454914140bb8d58d30b9be74cb2~mv2.jpg,438f18_a2111b7801ab481b8ef62e1d27fac946~mv2.jpg,438f18_93d8c1479151469b84db5d0607255038~mv2.jpg,438f18_864540eb9de447f0883fb36a3b6d0abe~mv2.jpg,438f18_211c4423bf354af9be498af0b19737a8~mv2.jpg,438f18_fa69eaac2e2e4c1a8dc2bc83db20acd1~mv2.jpg,438f18_bfd589a2f8cf44c4b38cb6fec0bc2373~mv2.jpg,438f18_2ec68fb26f704305adda775d45ad097a~mv2.jpg,438f18_0cc1485d6347455eaff532bfdbb33651~mv2.jpg,438f18_c92ecbc14f3d4a2a9f046b94f7399ab5~mv2.jpg,438f18_486dcef0d5c44cd2973fbe611269af47~mv2.jpg,438f18_a168ffab976d433d859f908331b20969~mv2.jpg,438f18_3fcb2989d8c04656a88e19b445a7e3c1~mv2.jpg,438f18_0b244f03f56d42f293e2c6ab6fb4f4c6~mv2.jpg,438f18_fb78d47aacd1436c86b1e42090e9226c~mv2.jpg,438f18_d2a31c143f5c42938886ecc9b1857474~mv2.jpg,438f18_83165bfe57514ccebf42872fedd58da8~mv2.jpg,438f18_30a71c8fa1464da3b3fb7b062c3ea715~mv2.jpg,438f18_310eeeeeb2a34b85aaae043bda03ffbf~mv2.jpg,438f18_328246cd470f4497a323022ae638c112~mv2.jpg,438f18_8ac385888c0f427db21db8636fd5b706~mv2.jpg,438f18_c49966ad51e54e82a18d92c1abbdfc03~mv2.jpg,438f18_7264fa9070fe4f94a12510b08f0c83cf~mv2.jpg,438f18_67b64b18f94e432196a751a5fc85fa75~mv2.jpg,438f18_ae9115ab57a745ce9da98cbd80b220ec~mv2.jpg,438f18_43a8af29879147ee911356c93e2bf1e6~mv2.jpg,438f18_3ea4a73c6fb84f3ea0dda6959ea3e99d~mv2.jpg,438f18_5254ca29672b427ab7111166bccc517d~mv2.jpg,438f18_c8f06428f036437ebc578c4aa184d2e2~mv2.jpg,438f18_0e4233d1db2f4cf99044e6cc86c7569c~mv2.jpg,438f18_65a0131b97ed4e8f943bba414b5583af~mv2.jpg,438f18_6b0322d9f32f417bbdfbb9c6efdb8343~mv2.jpg,438f18_fef6431292694d5f9db5b4465b042e2c~mv2.jpg,438f18_42737efe085045109262ea3b8aee78da~mv2.jpg,438f18_8b3ac95e870044658fd818da5262a9c0~mv2.jpg
JDNW2303019#4.jpg,438f18_a168ffab976d433d859f908331b20969~mv2.jpg
JDWE2303025-20#2.jpg,438f18_fc90193b51d548b5b36b0129c9b02033~mv2.jpg
JDWE2303025-20#4.jpg,438f18_b922223d4b4e4ae598180206d69f464a~mv2.jpg