name,url
JDBW2303023#1.jpg,438f18_6b0322d9f32f417bbdfbb9c6efdb8343~mv2.jpg
JDBW2303023#4.jpg,438f18_42737efe085045109262ea3b8aee78da~mv2.jpg
gold-blue#2.jpg,438f18_2937b756c1154378acc4efe4c5132c20~mv2.jpg
JDWN2302003#1.jpg,438f18_a2111b7801ab481b8ef62e1d27fac946~mv2.jpg
gold-blue#1.jpg,438f18_74f3bbb2e9d64ca684e85d941c1e1b15~mv2.jpg
JDWN2302003#4.jpg,438f18_c92ecbc14f3d4a2a9f046b94f7399ab5~mv2.jpg
JDWN2302003#3.jpg,438f18_fa69eaac2e2e4c1a8dc2bc83db20acd1~mv2.jpg
JDWE2302008#1.jpg,438f18_470ab22a64ad4f9cad9b55fd27f85200~mv2.jpg
JDWN2302003 #2.jpg,438f18_f462d30fe263433b9daab4e3bfa8abbe~mv2.jpg
JDWE2302008#4.jpg,438f18_4b1ba9c8845e494c8d99514d15e8f97b~mv2.jpg
JDWE2302008#2.jpg,438f18_604b529b363045ddbbb8593ce7789295~mv2.jpg
JDWE2301017#3.jpg,438f18_84cf18c978d9421eadece35d86206fa2~mv2.jpg
JDWE2301017#2.jpg,438f18_0f3ecebf6f604377bdf107d386873eb9~mv2.jpg
JDWE2301017#1.jpg,438f18_2ff12cf9a59e4099af8ce9ddd61c3247~mv2.jpg
JDWB2302004#4.jpg,438f18_43a8af29879147ee911356c93e2bf1e6~mv2.jpg
JDWB2302004#1.jpg,438f18_5254ca29672b427ab7111166bccc517d~mv2.jpg
JDWB2302004#2.jpg,438f18_0e4233d1db2f4cf99044e6cc86c7569c~mv2.jpg
JDNW2307016#4.jpg,438f18_23fad311d15047e28eb9afcd33d5bbdb~mv2.jpg
JDNW2307016#3.jpg,438f18_d16c5ef8205445a0988c5c4615d88c60~mv2.jpg
JDNW2307016#2.jpg,438f18_4be65dce34bc40909058d8db4d7e90ab~mv2.jpg
JDNW2307016#1.jpg,438f18_180e3bd40233465fb7e62bfa4b443cb6~mv2.jpg
JDNW2307015#2.jpg,438f18_d2a31c143f5c42938886ecc9b1857474~mv2.jpg
JDNW2307015 #1.jpg,438f18_d7d62c3b45304ce6ba99f034e270c1d7~mv2.jpg
JDNW2307015#4.jpg,438f18_30a71c8fa1464da3b3fb7b062c3ea715~mv2.jpg
JDNW2307015 #2.jpg,438f18_3cbd4f07cfba4dc2a8b601d076dcf026~mv2.jpg
JDNW2303019#2.jpg,438f18_2ec68fb26f704305adda775d45ad097a~mv2.jpg
JDEW2307071#4.jpg,438f18_6e0613051207457a9c1812a93c0fe030~mv2.jpg
JDNW2303019#4.jpg,438f18_a168ffab976d433d859f908331b20969~mv2.jpg
JDNW2303019#1.jpg,438f18_0b244f03f56d42f293e2c6ab6fb4f4c6~mv2.jpg
JDEW2307071#2.jpg,438f18_a97cec85d2ce4d7fa47f5ee87b5e4fdb~mv2.jpg
JDEW2307071#1.jpg,438f18_d53682c6831242c9818e73b6672370af~mv2.jpg
JDEW2305028-GN#4.jpg,438f18_328246cd470f4497a323022ae638c112~mv2.jpg
JDEW2305028-GN#1.jpg,438f18_67b64b18f94e432196a751a5fc85fa75~mv2.jpg
JDEW2305028-GN#2.jpg,438f18_c49966ad51e54e82a18d92c1abbdfc03~mv2.jpg
JDE2023297#2.jpg,438f18_3469e28f3e3049f599c70a4eb6b1fa06~mv2.jpg
JDE2023297#1.jpg,438f18_864540eb9de447f0883fb36a3b6d0abe~mv2.jpg
JDE2023297#4.jpg,438f18_752bdf95422e4473b6e966030f9d3f58~mv2.jpg
JDWE2303025-20#1.png,438f18_f3a3396ffffc43298f2f9c02a754b4b7~mv2.png
JDWE2303025-20#4.jpg,438f18_b922223d4b4e4ae598180206d69f464a~mv2.jpg
JDWE2303025-20#2.jpg,438f18_fc90193b51d548b5b36b0129c9b02033~mv2.jpg
JDNP791-1#1.jpg,438f18_c5742c25a0554500a2c30544efc5a9a0~mv2.jpg
JDEW2307050-1#4.jpg,438f18_848907bf55424e0e804d19f39ca98725~mv2.jpg
JDNP791-1#3.jpg,438f18_fa2723391db44404bdda6fda8494fe44~mv2.jpg
JDNP791-1#2.jpg,438f18_372b4c6249e74c1b8c43caa6cbf65201~mv2.jpg
JDEW2307050-1#2.jpg,438f18_6e17894f58e04f7db0679d2a02f4bed1~mv2.jpg
JDE201799#4.jpg,438f18_b789e658da284787b0f3f270dcf5bd13~mv2.jpg
JDEW2307050-1#1.jpg,438f18_58e404c896c845d4b5a093d0b2e0a1df~mv2.jpg
JDE201799#1.jpg,438f18_02eb785b3e1349b99eeeee4fa4a254f6~mv2.jpg
JDB201496#3.jpg,438f18_5e9d85a5526a4752bacc412db39e7093~mv2.jpg
JDE201799#3.jpg,438f18_c25a1e964c0a4e1f8f461a4b334b6c93~mv2.jpg
JDE201584#2.jpg,438f18_807bf84094594389a524471aaf14e718~mv2.jpg
JDB201496#4.jpg,438f18_72cf1a1bef574f6e892f83491284b85e~mv2.jpg
JDE201584#4.jpg,438f18_f95f9d3036394ca992c28ecfaf10aee4~mv2.jpg
JDE201584#1.jpg,438f18_07d7868cabb44c20b0742ac539f27e80~mv2.jpg
JDB201496#1.jpg,438f18_8f21fb3e2e614640abc8a8f31a542ad5~mv2.jpg
JDB201496#2.jpg,438f18_783d5ab9ba2b427a96c033794939e878~mv2.jpg
E453#4.jpg,438f18_83988fe5e5e649adbe26ae9fe0172f43~mv2.jpg
E453#2.jpg,438f18_93dc18cc78894db99e6f138f6b93426d~mv2.jpg
E453#1.jpg,438f18_0074aacb988c45b0b88732e8f8a0beeb~mv2.jpg
Bracelet pearl#2.jpg,438f18_5cfc499a02114d45b5501e26964488d9~mv2.jpg
Bracelet pearl#4.jpg,438f18_74da5e5db3164d85b2264cbdb710f046~mv2.jpg
Bracelet one pearl#2.jpg,438f18_5352954ff6fc49f28f8817dc1aaae736~mv2.jpg
Bracelet pearl#3.jpg,438f18_f45e619fc6b0492db00195fe91e3f167~mv2.jpg
Bracelet one pearl#3.jpg,438f18_0c878f536efc4c8584167bb59593841c~mv2.jpg
Bracelet pearl#1.jpg,438f18_4470257b542f419dbb241023a01875c2~mv2.jpg
Bracelet one pearl#4.jpg,438f18_35e67f87fddb45baa0811c88e1a77935~mv2.jpg